{"cameraMode":{"drawMode":0,"name":"Shaded","section":"Shading Mode"},"sceneLighting":true,"audioPlay":false,"sceneViewState":{"showFog":true,"showMaterialUpdate":false,"showSkybox":true,"showFlares":true,"showImageEffects":true,"showParticleSystems":true},"in2DMode":false,"pivot":{"x":-9.848979949951172,"y":-3.879483938217163,"z":0.09960611164569855},"rotation":{"x":-0.1405802220106125,"y":0.6967648863792419,"z":-0.14219163358211518,"w":-0.6888686418533325},"size":10.0,"orthographic":false}